City_ID,City,Lat,Lng,Max Temp,Humidity,Cloudiness,Wind Speed,Country,Date
0,tagusao,9.1924,117.8141,25.87,84,57,1.88,PH,1670454750
1,harlow,51.7766,0.1116,0.56,91,11,2.06,GB,1670454751
2,carnarvon,-24.8667,113.6333,21.98,61,57,6.5,AU,1670454751
3,qaanaaq,77.484,-69.3632,-11.13,67,83,3.76,GL,1670454752
4,busselton,-33.65,115.3333,16.99,72,53,2.81,AU,1670454541
5,punta arenas,-53.15,-70.9167,8.95,61,0,7.72,CL,1670454622
6,bethanien,-26.502,17.1583,20.15,31,0,2.51,NA,1670454753
7,nexo,55.0607,15.1306,1.05,89,99,6.89,DK,1670454754
8,fairbanks,64.8378,-147.7164,-6.71,90,100,0.0,US,1670454265
9,kapaa,22.0752,-159.319,28.99,77,75,8.23,US,1670454755
10,jamestown,42.097,-79.2353,6.8,78,100,2.06,US,1670454500
11,airai,-8.9266,125.4092,19.25,57,78,0.72,TL,1670454756
12,bluff,-46.6,168.3333,17.67,65,100,2.68,NZ,1670454756
13,rikitea,-23.1203,-134.9692,24.23,78,16,8.84,PF,1670454757
14,avarua,-21.2078,-159.775,28.03,74,100,4.63,CK,1670454757
15,georgetown,5.4112,100.3354,27.16,83,20,3.6,MY,1670454073
16,hobart,-42.8794,147.3294,12.92,67,40,8.23,AU,1670454758
17,road town,18.4167,-64.6167,26.05,69,40,5.14,VG,1670454759
18,bengkulu,-3.8004,102.2655,23.51,90,95,1.96,ID,1670454759
19,vaini,-21.2,-175.2,29.09,74,40,2.06,TO,1670454760
20,pacific grove,36.6177,-121.9166,15.21,72,40,3.09,US,1670454761
21,wake forest,35.9799,-78.5097,18.1,94,100,3.09,US,1670454697
22,mao,39.8885,4.2658,14.31,88,40,2.06,ES,1670454589
23,hasaki,35.7333,140.8333,6.79,48,0,5.73,JP,1670454762
24,aleksandrov gay,50.147,48.5704,-10.68,78,0,3.69,RU,1670454762
25,bara,10.3744,10.7288,20.98,24,25,3.95,NG,1670454763
26,ushuaia,-54.8,-68.3,7.81,49,40,9.77,AR,1670454763
27,tuensang,26.2833,94.8333,11.48,89,73,1.67,IN,1670454764
28,alice springs,-23.7,133.8833,24.75,25,40,8.75,AU,1670454765
29,torbay,47.6666,-52.7314,3.2,96,100,3.58,CA,1670454765
30,flinders,-34.5833,150.8552,20.1,57,24,2.68,AU,1670454766
31,yulara,-25.2406,130.9889,25.5,23,85,8.48,AU,1670454767
32,port elizabeth,-33.918,25.5701,19.62,91,24,2.24,ZA,1670454767
33,camana,-16.6228,-72.7111,20.77,82,91,2.54,PE,1670454768
34,lugovoy,42.9472,72.7644,-6.6,86,100,1.45,KZ,1670454768
35,port hawkesbury,45.6169,-61.3485,5.88,99,100,6.71,CA,1670454555
36,san policarpo,12.1791,125.5072,26.12,87,100,4.96,PH,1670454769
37,horodenka,48.6727,25.5016,-0.98,87,40,1.29,UA,1670454770
38,bilma,18.6853,12.9164,19.28,21,35,1.31,NE,1670454771
39,nedjo,9.5046,35.5019,16.79,56,75,1.34,ET,1670454771
40,ilulissat,69.2167,-51.1,2.01,60,75,3.6,GL,1670454772
41,lompoc,34.6391,-120.4579,16.03,67,0,4.63,US,1670454580
42,iquitos,-3.7481,-73.2472,27.02,83,75,0.51,PE,1670454773
43,port-gentil,-0.7193,8.7815,25.98,94,20,0.51,GA,1670454773
44,cape town,-33.9258,18.4232,19.39,80,57,5.36,ZA,1670454769
45,chuhar kana,31.75,73.8,13.9,33,4,0.57,PK,1670454514
46,lata,40.1629,-8.3327,13.29,91,100,3.69,PT,1670454775
47,seymchan,62.8833,152.4333,-47.47,99,57,0.33,RU,1670454775
48,coquimbo,-29.9533,-71.3436,16.85,88,20,4.63,CL,1670454776
49,auki,-8.7676,160.7034,29.47,67,97,0.53,SB,1670454776
50,tucurui,-3.7661,-49.6725,27.91,67,82,1.27,BR,1670454777
51,alugan,12.2188,125.4808,25.97,87,100,4.84,PH,1670454777
52,saint-pierre,-21.3393,55.4781,24.82,78,5,3.09,RE,1670454778
53,magdagachi,53.45,125.8,-28.79,100,31,1.32,RU,1670454778
54,thompson,55.7435,-97.8558,-24.14,86,100,3.89,CA,1670454779
55,dingle,10.9995,122.6711,23.4,89,88,2.61,PH,1670454780
56,lebu,-37.6167,-73.65,15.96,97,94,6.23,CL,1670454780
57,yellowknife,62.456,-114.3525,-31.89,98,30,2.58,CA,1670454607
58,wasilla,61.5814,-149.4394,-2.19,96,100,6.69,US,1670454781
59,berlevag,70.8578,29.0864,1.97,87,100,13.38,NO,1670454782
60,youghal,51.95,-7.8506,1.56,100,2,4.04,IE,1670454783
61,atuona,-9.8,-139.0333,25.39,77,11,8.17,PF,1670454784
62,iquique,-20.2208,-70.1431,20.02,76,62,1.6,CL,1670454499
63,kodiak,57.79,-152.4072,-0.27,43,20,13.38,US,1670454785
64,pisco,-13.7,-76.2167,20.03,83,20,6.69,PE,1670454786
65,lagoa,39.05,-27.9833,15.94,77,20,7.0,PT,1670454786
66,cordoba,-31.4135,-64.1811,35.0,31,20,4.12,AR,1670454665
67,ust-tsilma,65.441,52.1498,-8.15,93,100,3.01,RU,1670454789
68,ayan,56.45,138.1667,-20.19,72,46,2.81,RU,1670454789
69,khatanga,71.9667,102.5,-33.23,89,6,5.25,RU,1670454790
70,derzhavinsk,51.1,66.3167,-20.4,97,27,2.69,KZ,1670454791
71,port alfred,-33.5906,26.891,20.1,93,53,2.24,ZA,1670454791
72,adolfo lopez mateos,28.4667,-107.3,12.74,63,94,8.64,MX,1670454792
73,itapecerica,-20.4725,-45.1256,19.48,95,34,2.19,BR,1670454793
74,cesenatico,44.1999,12.3991,7.76,95,79,1.87,IT,1670454794
75,puerto ayora,-0.7393,-90.3518,21.97,91,14,1.34,EC,1670454570
76,arraial do cabo,-22.9661,-42.0278,23.64,88,9,3.86,BR,1670454565
77,east london,-33.0153,27.9116,20.24,93,9,3.91,ZA,1670454784
78,kalmunai,7.4167,81.8167,24.6,65,100,11.33,LK,1670454796
79,rundu,-17.9333,19.7667,20.42,70,51,1.99,NA,1670454797
80,pevek,69.7008,170.3133,-21.85,93,100,1.32,RU,1670454798
81,kathmandu,27.7167,85.3167,8.75,85,1,0.62,NP,1670454748
82,cabo san lucas,22.8909,-109.9124,28.67,75,20,4.12,MX,1670454799
83,qinhuangdao,39.9317,119.5883,1.48,31,98,2.14,CN,1670454799
84,butaritari,3.0707,172.7902,26.73,81,74,5.6,KI,1670454800
85,pensacola,30.4213,-87.2169,23.53,91,40,0.89,US,1670454118
86,albany,42.6001,-73.9662,13.46,92,100,1.09,US,1670454792
87,turukhansk,65.8167,87.9833,-14.76,96,100,6.5,RU,1670454801
88,rudnichnyy,59.617,52.4703,-9.56,79,100,4.04,RU,1670454802
89,bethel,41.3712,-73.414,14.45,89,100,3.6,US,1670454726
90,manokwari,-0.8667,134.0833,26.89,77,98,2.19,ID,1670454803
91,belmonte,-15.8631,-38.8828,24.29,88,63,2.82,BR,1670454804
92,cayenne,4.9333,-52.3333,26.02,89,0,3.6,GF,1670454804
93,kavaratti,10.5669,72.642,27.52,71,100,2.95,IN,1670454805
94,kryvyy rih,47.9167,33.35,1.07,93,100,5.27,UA,1670454805
95,ponta delgada,37.7333,-25.6667,14.72,88,40,7.72,PT,1670454806
96,honiara,-9.4333,159.95,29.86,68,91,1.42,SB,1670454807
97,nanortalik,60.1432,-45.2371,-2.88,77,99,2.34,GL,1670454808
98,vila franca do campo,37.7167,-25.4333,14.55,84,96,9.24,PT,1670454590
99,hermanus,-34.4187,19.2345,15.45,87,42,4.06,ZA,1670454809
100,williston,48.147,-103.618,-10.59,93,16,2.75,US,1670454763
101,zhezkazgan,47.8043,67.7144,-14.37,94,100,2.12,KZ,1670454810
102,mataura,-46.1927,168.8643,17.49,47,100,1.87,NZ,1670454811
103,norman wells,65.282,-126.8329,-30.49,90,26,3.31,CA,1670454533
104,castro,-24.7911,-50.0119,20.12,72,0,2.57,BR,1670454812
105,mayo,38.8876,-76.5119,13.87,94,100,1.54,US,1670454813
106,port lincoln,-34.7333,135.8667,15.08,53,7,5.25,AU,1670454813
107,victoria,22.2855,114.1577,19.03,81,73,4.47,HK,1670454613
108,egvekinot,66.3167,-179.1667,-26.49,95,73,1.86,RU,1670454814
109,saint-joseph,-21.3667,55.6167,24.21,83,21,6.66,RE,1670454815
110,bambous virieux,-20.3428,57.7575,24.56,82,41,7.87,MU,1670454815
111,souillac,-20.5167,57.5167,24.13,84,55,7.26,MU,1670454816
112,maniitsoq,65.4167,-52.9,-0.03,90,100,8.07,GL,1670454816
113,atwater,37.3477,-120.6091,15.06,69,0,0.0,US,1670454817
114,salalah,17.0151,54.0924,25.05,69,75,2.06,OM,1670454817
115,aklavik,68.2191,-135.0107,-26.68,85,88,5.25,CA,1670454818
116,mar del plata,-38.0023,-57.5575,27.01,69,0,7.15,AR,1670454690
117,grafton,42.207,-71.6856,14.0,91,100,3.6,US,1670454819
118,barrow,71.2906,-156.7887,-9.99,85,100,5.66,US,1670454819
119,dikson,73.5069,80.5464,-25.64,96,94,8.08,RU,1670454820
120,broken hill,-31.95,141.4333,14.28,32,0,9.08,AU,1670454820
121,maltahohe,-24.8333,16.9833,18.27,36,0,4.47,NA,1670454821
122,klaksvik,62.2266,-6.589,0.51,73,100,13.1,FO,1670454822
123,chuy,-33.6971,-53.4616,19.58,83,1,4.51,UY,1670454823
124,deputatskiy,69.3,139.9,-29.51,97,100,2.66,RU,1670454823
125,kahului,20.8947,-156.47,27.76,71,40,10.29,US,1670454739
126,miles city,46.4083,-105.8406,-10.46,79,0,1.54,US,1670454824
127,longyearbyen,78.2186,15.6401,-5.09,68,40,6.69,SJ,1670454825
128,ajaccio,42.0,8.9167,8.03,87,0,3.6,FR,1670454826
129,sayyan,15.1718,44.3244,10.2,40,1,1.55,YE,1670454826
130,aden,12.7794,45.0367,25.52,72,48,5.26,YE,1670454827
131,taoudenni,22.6783,-3.9836,28.12,13,100,2.42,ML,1670454827
132,ende,-8.8432,121.6623,26.92,74,100,0.86,ID,1670454828
133,katsina,12.9894,7.6006,20.33,18,23,4.41,NG,1670454829
134,kamskiye polyany,55.4307,51.4171,-17.4,99,18,2.06,RU,1670454830
135,huarmey,-10.0681,-78.1522,19.89,81,42,3.91,PE,1670454831
136,verkhnevilyuysk,63.4453,120.3167,-37.29,100,92,1.18,RU,1670454831
137,butte,39.6499,-121.5677,12.73,61,0,3.6,US,1670454832
138,najran,17.4924,44.1277,15.77,31,4,0.63,SA,1670454832
139,sinnamary,5.3833,-52.95,26.0,86,72,5.26,GF,1670454833
140,hithadhoo,-0.6,73.0833,27.6,77,100,6.85,MV,1670454833
141,galle,6.0367,80.217,25.18,77,100,7.7,LK,1670454834
142,tatarsk,55.219,75.9828,-20.16,98,57,3.01,RU,1670454835
143,carauari,-4.8828,-66.8958,24.23,92,96,0.96,BR,1670454835
144,fort-shevchenko,44.5086,50.263,-4.14,61,11,6.95,KZ,1670454836
145,hilo,19.7297,-155.09,26.27,92,100,3.6,US,1670454708
146,tasiilaq,65.6145,-37.6368,-3.91,74,96,1.52,GL,1670454837
147,coahuayana,18.7333,-103.6833,28.26,68,11,2.24,MX,1670454837
148,funadhoo,6.15,73.2667,26.79,75,100,1.66,MV,1670454838
149,isiro,2.7739,27.616,19.17,93,98,0.58,CD,1670454838
150,yagodnoye,62.55,149.6667,-38.72,100,84,1.07,RU,1670454839
151,hangu,39.2489,117.7892,-1.98,30,97,2.29,CN,1670454840
152,pilas,37.3034,-6.301,14.86,75,100,3.65,ES,1670454840
153,mehamn,71.0357,27.8492,1.95,93,100,5.14,NO,1670454809
154,baykit,61.67,96.37,-13.97,91,100,3.46,RU,1670454841
155,itaqui,-29.1253,-56.5531,33.16,23,24,4.77,BR,1670454842
156,kemijarvi,66.7131,27.4306,-10.94,96,90,1.38,FI,1670454842
157,rio gallegos,-51.6226,-69.2181,10.15,54,100,6.67,AR,1670454843
158,san jeronimo,-11.9472,-75.2829,12.03,68,100,2.34,PE,1670454843
159,jovellar,13.0695,123.5999,24.13,84,97,2.34,PH,1670454844
160,messina,38.1933,15.5497,16.76,79,20,3.09,IT,1670454692
161,caravelas,-17.7125,-39.2481,23.98,89,100,1.97,BR,1670454846
162,sitka,57.0531,-135.33,5.94,81,100,5.66,US,1670454728
163,pundaguitan,6.3711,126.1689,27.08,79,100,4.1,PH,1670454847
164,puerto madero,14.7208,-92.4215,28.11,89,0,4.12,MX,1670454799
165,lorengau,-2.0226,147.2712,27.55,80,98,3.16,PG,1670454848
166,ambon,-3.6954,128.1814,26.08,83,20,2.06,ID,1670454849
167,biltine,14.5333,20.9167,19.12,20,49,6.26,TD,1670454849
168,kruisfontein,-34.0033,24.7314,17.86,76,80,4.34,ZA,1670454850
169,kodinsk,58.6881,99.1844,-12.73,90,100,5.31,RU,1670454851
170,ornskoldsvik,63.2909,18.7153,-6.47,93,100,2.06,SE,1670454852
171,codrington,-38.2667,141.9667,12.45,56,81,7.43,AU,1670454853
172,laukaa,58.7372,29.8453,-4.6,92,100,5.46,RU,1670454579
173,iberia,29.9502,-91.7507,25.04,73,0,4.12,US,1670454854
174,savannakhet,16.566,104.751,19.04,90,7,2.99,LA,1670454855
175,mana,5.6592,-53.7767,25.65,88,50,4.44,GF,1670454855
176,katsuura,35.1333,140.3,11.22,68,0,2.2,JP,1670454856
177,saskylakh,71.9167,114.0833,-33.24,99,99,2.29,RU,1670454857
178,bilibino,68.0546,166.4372,-33.99,99,51,2.09,RU,1670454858
179,necochea,-38.5473,-58.7368,20.31,77,82,7.3,AR,1670454576
180,bredasdorp,-34.5322,20.0403,16.32,90,60,1.58,ZA,1670454859
181,fortuna,40.5982,-124.1573,13.29,72,100,1.79,US,1670454860
182,beyneu,45.3167,55.2,-7.51,65,4,4.62,KZ,1670454860
183,rocha,-34.4833,-54.3333,21.16,59,0,5.49,UY,1670454861
184,muros,42.7762,-9.0603,13.94,80,100,5.16,ES,1670454733
185,ozernovskiy,51.5,156.5167,-1.6,65,100,8.38,RU,1670454862
186,iracoubo,5.4802,-53.2011,25.83,85,57,4.74,GF,1670454863
187,acapulco,16.8634,-99.8901,28.9,74,0,2.57,MX,1670454736
188,zdvinsk,54.7021,78.661,-21.36,97,77,3.0,RU,1670454864
189,ponta do sol,32.6667,-17.1,18.73,85,29,6.86,PT,1670454865
190,kapuskasing,49.4169,-82.4331,-14.93,88,100,3.24,CA,1670454842
191,ballina,-28.8667,153.5667,27.1,83,82,1.57,AU,1670454866
192,vestmannaeyjar,63.4427,-20.2734,1.53,68,94,2.97,IS,1670454868
193,bujumbura,-3.3822,29.3644,21.24,84,85,1.82,BI,1670454869
194,new norfolk,-42.7826,147.0587,12.72,62,100,2.24,AU,1670454869
195,nikolskoye,59.7035,30.7861,-5.05,87,100,5.49,RU,1670454870
196,sungairaya,0.7,108.9,24.16,94,100,1.33,ID,1670454871
197,eureka,40.8021,-124.1637,11.34,80,1,2.24,US,1670454871
198,tuatapere,-46.1333,167.6833,17.65,64,100,3.05,NZ,1670454872
199,vestmanna,62.1564,-7.1664,-0.49,93,100,8.23,FO,1670454873
200,wairoa,-39.0333,177.3667,17.53,62,99,1.79,NZ,1670454874
201,cap malheureux,-19.9842,57.6142,24.7,77,27,3.13,MU,1670454874
202,husavik,66.0449,-17.3389,-3.47,69,100,3.12,IS,1670454875
203,mount isa,-20.7333,139.5,34.87,21,4,4.12,AU,1670454875
204,tuktoyaktuk,69.4541,-133.0374,-28.15,95,25,4.98,CA,1670454876
205,abeche,13.8292,20.8324,18.92,19,4,5.2,TD,1670454877
206,guerrero negro,27.9769,-114.0611,17.98,57,2,7.79,MX,1670454877
207,port hardy,50.6996,-127.4199,5.24,85,100,9.22,CA,1670454878
208,myaundzha,63.0494,147.1858,-41.83,100,100,0.58,RU,1670454879
209,iaciara,-14.0958,-46.6317,22.23,87,96,1.33,BR,1670454879
210,cherdyn,60.403,56.4787,-10.71,87,100,2.8,RU,1670454880
211,grindavik,63.8424,-22.4338,-1.74,74,75,1.54,IS,1670454881
212,palmer,42.1584,-72.3287,14.36,87,100,3.09,US,1670454882
213,geraldton,-28.7667,114.6,21.23,68,100,6.17,AU,1670454883
214,saint-francois,46.4154,3.9054,-1.29,100,100,0.0,FR,1670454883
215,voznesenye,61.0106,35.4781,-7.06,83,73,5.68,RU,1670454884
216,tilichiki,60.4667,166.1,-16.17,97,99,3.97,RU,1670454885
217,pontes e lacerda,-15.2261,-59.3353,26.61,70,96,1.52,BR,1670454885
218,macae,-22.3708,-41.7869,22.41,93,93,0.97,BR,1670454886
219,cervo,43.6702,-7.4101,12.2,89,100,8.6,ES,1670454658
220,sobolevo,54.4299,31.8996,-4.36,93,100,7.83,RU,1670454887
221,mahebourg,-20.4081,57.7,24.58,82,39,7.99,MU,1670454888
222,biloela,-24.4167,150.5,32.05,33,45,6.95,AU,1670454888
223,paita,-5.0892,-81.1144,20.3,78,89,6.44,PE,1670454889
224,batetskiy,58.6461,30.3027,-4.72,92,100,5.74,RU,1670454889
225,bokoro,12.3807,17.0568,20.93,17,4,5.0,TD,1670454890
226,margate,51.3813,1.3862,2.61,85,33,1.34,GB,1670454891
227,kozelsk,54.0375,35.7716,-7.3,93,100,6.48,RU,1670454891
228,blackwater,-23.5833,148.8833,32.77,33,26,4.7,AU,1670454892
229,cap-aux-meules,47.3821,-61.8597,4.64,90,100,8.18,CA,1670454892
230,saint george,37.1041,-113.5841,9.68,72,75,1.34,US,1670454893
231,antofagasta,-23.65,-70.4,19.6,78,28,2.0,CL,1670454668
232,hondo,32.45,130.2,11.31,61,40,3.46,JP,1670454894
233,connersville,39.6412,-85.1411,9.67,89,100,2.24,US,1670454894
234,vanimo,-2.6741,141.3028,24.47,94,100,1.36,PG,1670454895
235,shitkino,56.3703,98.3543,-12.5,91,100,5.28,RU,1670454896
236,liverpool,53.4106,-2.9779,1.4,91,0,1.03,GB,1670454789
237,asosa,10.0667,34.5333,17.55,49,40,1.75,ET,1670454896
238,kaitangata,-46.2817,169.8464,18.15,55,100,4.45,NZ,1670454897
239,boyolangu,-8.1181,111.8935,24.56,87,92,0.43,ID,1670454898
240,barcelos,41.5388,-8.6151,13.29,82,100,5.12,PT,1670454898
241,baijiantan,45.6333,85.1833,-12.18,95,97,1.87,CN,1670454899
242,vryburg,-26.9566,24.7284,18.68,70,100,5.11,ZA,1670454900
243,jalu,29.0331,21.5482,18.49,43,38,4.69,LY,1670454900
244,sao cristovao,-11.0147,-37.2064,25.95,83,0,3.09,BR,1670454901
245,mahajanga,-15.7167,46.3167,25.01,94,20,2.06,MG,1670454587
246,verkhoyansk,67.5447,133.385,-32.42,97,100,2.11,RU,1670454906
247,magistralnyy,56.1725,107.4458,-12.72,95,100,2.91,RU,1670454907
248,houston,29.7633,-95.3633,26.86,74,40,6.69,US,1670454728
249,safaga,26.7292,33.9365,19.12,52,0,4.09,EG,1670454908
250,phangnga,8.4509,98.5298,24.02,95,82,1.93,TH,1670454909
251,matay,28.419,30.7792,14.44,59,0,1.01,EG,1670454910
252,portobelo,9.55,-79.65,26.64,80,11,4.81,PA,1670454910
253,tucuman,-26.8241,-65.2226,34.0,29,75,7.2,AR,1670454911
254,koppies,-27.2418,27.5742,17.0,79,100,1.27,ZA,1670454911
255,salekhard,66.53,66.6019,-12.78,86,100,4.35,RU,1670454913
256,irbil,36.1926,44.0106,4.9,87,46,1.54,IQ,1670454913
257,cidreira,-30.1811,-50.2056,21.15,89,0,3.26,BR,1670454914
258,fort nelson,58.8053,-122.7002,-17.81,80,100,0.89,CA,1670454915
259,yurgamysh,55.3714,64.4656,-17.8,94,11,3.54,RU,1670454917
260,neuquen,-38.9516,-68.0591,28.94,18,0,5.66,AR,1670454657
261,svetlogorsk,52.6333,29.7333,0.09,98,100,5.69,BY,1670454918
262,wucheng,29.6008,118.175,9.38,97,100,0.44,CN,1670454918
263,beringovskiy,63.05,179.3167,-13.15,79,2,3.39,RU,1670454919
264,upernavik,72.7868,-56.1549,-4.95,78,100,12.36,GL,1670454920
265,touros,-5.1989,-35.4608,26.2,78,42,6.43,BR,1670454920
266,tiksi,71.6872,128.8694,-22.63,100,100,4.49,RU,1670454921
267,niquelandia,-14.4739,-48.4597,24.22,78,100,0.71,BR,1670454922
268,naica,27.85,-105.4833,26.35,22,59,1.55,MX,1670454923
269,tela,15.7833,-87.45,27.97,74,40,3.6,HN,1670454924
270,iqaluit,63.7506,-68.5145,-10.15,78,100,7.2,CA,1670454925
271,san pedro pinula,14.6667,-89.85,19.05,83,58,2.5,GT,1670454926
272,kristiansund,63.1115,7.732,1.03,93,40,2.06,NO,1670454926
273,ostrovnoy,68.0531,39.5131,-5.77,90,92,4.92,RU,1670454928
274,alofi,-19.0595,-169.9187,29.94,70,75,4.63,NU,1670454928
275,pangody,65.85,74.4859,-11.57,94,100,5.38,RU,1670454929
276,kendari,-3.945,122.4989,24.87,88,61,0.97,ID,1670454930
277,tabuk,17.4189,121.4443,23.19,93,100,1.15,PH,1670454931
278,dwarka,22.2394,68.9678,23.14,59,0,4.21,IN,1670454931
279,kaka,37.3482,59.6143,0.29,54,4,2.43,TM,1670454932
280,itumba,-9.4,33.1833,17.8,73,30,1.82,TZ,1670454932
281,bonthe,7.5264,-12.505,26.21,83,60,2.94,SL,1670454933
282,padang,-0.9492,100.3543,24.31,88,100,1.54,ID,1670454894
283,san carlos de bariloche,-41.1456,-71.3082,12.86,88,40,8.75,AR,1670454934
284,ahipara,-35.1667,173.1667,17.22,79,94,6.69,NZ,1670454934
285,anadyr,64.75,177.4833,-20.29,70,0,3.0,RU,1670454935
286,mountain home,43.133,-115.6912,-1.29,100,0,2.57,US,1670454919
287,along,28.1667,94.7667,10.54,68,0,0.74,IN,1670454936
288,te anau,-45.4167,167.7167,12.99,92,100,1.39,NZ,1670454936
289,los llanos de aridane,28.6585,-17.9182,19.86,90,0,2.06,ES,1670454819
290,winnemucca,40.973,-117.7357,4.03,56,0,2.57,US,1670454937
291,panzhihua,26.5851,101.7128,7.51,77,12,0.57,CN,1670454938
292,roald,62.5833,6.1333,3.2,93,75,4.12,NO,1670454939
293,fukue,32.6881,128.8419,13.0,59,77,5.68,JP,1670454939
294,iwanai,42.9744,140.5089,-1.06,80,100,5.48,JP,1670454940
295,san rafael,-34.6177,-68.3301,34.72,13,6,2.0,AR,1670454216
296,carora,10.1755,-70.0827,24.63,62,73,1.96,VE,1670454941
297,chokurdakh,70.6333,147.9167,-24.24,97,100,3.48,RU,1670454941
298,myski,53.709,87.8014,-22.64,100,91,1.11,RU,1670454942
299,roebourne,-20.7833,117.1333,26.66,45,1,6.28,AU,1670454942
300,tukrah,32.5341,20.5791,19.35,57,59,3.74,LY,1670454943
301,sibolga,1.7427,98.7792,23.91,91,100,0.54,ID,1670454944
302,pangai,-19.8,-174.35,30.06,70,75,3.09,TO,1670454944
303,alta gracia,-31.6529,-64.4283,31.43,26,71,1.59,AR,1670454945
304,lubao,14.9167,120.55,25.84,85,92,1.94,PH,1670454945
305,mount vernon,40.9126,-73.8371,14.23,89,100,4.12,US,1670454946
306,tual,-5.6667,132.75,28.34,70,97,1.91,ID,1670454947
307,thinadhoo,0.5333,72.9333,27.8,77,92,7.24,MV,1670454947
308,henties bay,-22.116,14.2845,14.14,90,0,2.18,NA,1670454948
309,bichura,50.5881,107.6022,-17.42,90,96,1.79,RU,1670454948
310,conakry,9.538,-13.6773,27.41,75,5,3.58,GN,1670454858
311,posse,-14.0931,-46.3694,21.12,85,81,0.74,BR,1670454949
312,jining,35.405,116.5814,2.65,66,1,0.26,CN,1670454950
313,udachnyy,66.4167,112.4,-33.64,66,98,1.58,RU,1670454951
314,provideniya,64.3833,-173.3,-6.94,73,75,3.13,RU,1670454951
315,kattivakkam,13.2167,80.3167,24.05,73,100,7.97,IN,1670454952
316,dhidhdhoo,6.8833,73.1,26.95,73,100,0.24,MV,1670454952
317,san-pedro,4.7485,-6.6363,25.54,87,76,3.06,CI,1670454953
318,meulaboh,4.1363,96.1285,23.64,90,100,1.81,ID,1670454953
319,andra,62.5147,65.8878,-11.02,92,99,4.37,RU,1670454954
320,mildura,-34.2,142.15,14.48,51,0,7.91,AU,1670454954
321,marawi,7.9986,124.2928,20.83,93,93,0.64,PH,1670454955
322,saint anthony,45.0205,-93.218,-8.22,71,0,3.6,US,1670454955
323,calabozo,8.9242,-67.4293,26.39,46,100,0.95,VE,1670454956
324,luderitz,-26.6481,15.1594,14.96,83,0,4.35,NA,1670454956
325,nauta,-4.5061,-73.5757,24.36,91,96,1.4,PE,1670454957
326,tambopata,-12.7333,-69.1833,26.94,65,0,0.0,PE,1670454957
327,saint-philippe,-21.3585,55.7679,23.77,87,38,6.98,RE,1670454958
328,kawalu,-7.3817,108.2082,22.7,93,100,0.99,ID,1670454959
329,vaitape,-16.5167,-151.75,26.92,77,100,8.69,PF,1670454960
330,waingapu,-9.6567,120.2641,26.78,72,96,1.13,ID,1670454960
331,vazante,-17.9869,-46.9078,23.48,72,99,1.79,BR,1670454961
332,mason city,43.1536,-93.201,-3.01,82,0,3.09,US,1670454961
333,pahalgam,34.0333,75.3333,0.35,51,96,3.13,IN,1670454962
334,beloha,-25.1667,45.05,23.82,81,0,1.82,MG,1670454963
335,salinopolis,-0.6136,-47.3561,26.75,78,11,4.8,BR,1670454963
336,esperance,-33.8667,121.9,16.0,78,96,10.57,AU,1670454964
337,villa union,23.2,-106.2333,26.98,69,0,2.57,MX,1670454965
338,dauriya,49.9333,116.8667,-18.25,94,33,3.97,RU,1670454966
339,alta floresta,-9.8756,-56.0861,24.19,82,85,0.87,BR,1670454746
340,aberdeen,57.1437,-2.0981,1.27,85,75,5.14,GB,1670454966
341,plouzane,48.3833,-4.6167,5.1,90,100,2.06,FR,1670454967
342,tiznit,29.5833,-9.5,19.49,41,98,2.58,MA,1670454968
343,itatinga,-23.1017,-48.6158,20.07,90,44,1.58,BR,1670454968
344,hofn,64.2539,-15.2082,-2.76,59,7,9.56,IS,1670454969
345,preobrazheniye,42.9019,133.9064,-5.69,72,5,3.6,RU,1670454970
346,namibe,-15.1961,12.1522,20.2,77,7,1.42,AO,1670454971
347,inhambane,-23.865,35.3833,24.73,87,19,3.36,MZ,1670454972
348,qaqortoq,60.7167,-46.0333,-6.7,73,96,2.25,GL,1670454818
349,pangnirtung,66.1451,-65.7125,-11.0,62,100,2.57,CA,1670454973
350,tessalit,20.1986,1.0114,23.91,16,0,5.57,ML,1670454973
351,alberton,46.8168,-64.0654,7.07,89,100,9.61,CA,1670454974
352,szod,47.7244,19.1705,0.51,90,12,1.3,HU,1670454975
353,wladyslawowo,54.7909,18.4009,1.38,93,100,6.45,PL,1670454719
354,mirpur sakro,24.5474,67.6277,20.55,51,0,1.92,PK,1670454977
355,raymondville,26.4815,-97.7831,27.06,59,1,6.71,US,1670454978
356,ketchikan,55.3422,-131.6461,6.99,87,100,7.2,US,1670454978
357,kitimat,54.0524,-128.6534,3.21,29,100,0.46,CA,1670454979
358,seoul,37.5683,126.9778,0.69,60,8,0.74,KR,1670454864
359,mrakovo,52.7161,56.6244,-22.48,99,34,1.18,RU,1670454980
360,paamiut,61.994,-49.6678,-3.58,79,94,3.3,GL,1670454980
361,yumen,40.2833,97.2,-9.84,80,86,2.01,CN,1670454981
362,cherskiy,68.75,161.3,-32.49,97,37,2.43,RU,1670454982
363,nouadhibou,20.931,-17.0347,18.99,88,0,3.09,MR,1670454982
364,zhanakorgan,43.9098,67.2495,-12.59,92,5,2.76,KZ,1670454983
365,divnomorskoye,44.5011,38.1353,8.67,80,94,2.18,RU,1670454984
366,port-cartier,50.0334,-66.8654,3.12,99,100,2.69,CA,1670454985
367,trairi,-3.2778,-39.2689,26.73,79,81,5.58,BR,1670454985
368,evensk,61.95,159.2333,-13.31,96,100,4.7,RU,1670454986
369,kozhevnikovo,56.2589,83.9714,-17.18,93,100,4.59,RU,1670454987
370,leningradskiy,69.3833,178.4167,-21.59,97,100,3.87,RU,1670454988
371,melfi,40.9965,15.6514,8.34,78,42,1.86,IT,1670454988
372,ust-nera,64.5667,143.2,-36.89,97,100,1.93,RU,1670454989
373,banjar,-8.19,114.9675,25.6,86,73,1.04,ID,1670454990
374,sembakung,3.8167,117.25,23.35,98,92,0.58,ID,1670454990
375,chlorakas,34.8042,32.4083,13.49,72,75,4.12,CY,1670454991
376,high level,58.5169,-117.136,-23.94,77,40,1.03,CA,1670454952
377,komsomolskiy,40.4272,71.7189,0.4,86,75,1.03,UZ,1670454992
378,oktyabrsk,49.4744,57.4233,-19.28,90,12,1.91,KZ,1670454992
379,katherine,-14.4667,132.2667,29.18,65,86,3.6,AU,1670454993
380,kem,64.9555,34.5793,-4.79,94,100,3.5,RU,1670454993
381,nagato,34.3833,131.2,10.29,55,34,2.25,JP,1670454994
382,severo-kurilsk,50.6789,156.125,-2.07,65,100,9.47,RU,1670454995
383,miranda,3.2499,-76.2281,24.07,96,91,0.88,CO,1670454996
384,baruun-urt,46.6806,113.2792,-18.02,91,7,3.45,MN,1670454997
385,mogadishu,2.0371,45.3438,26.71,82,100,6.85,SO,1670454997
386,reserva,-24.6503,-50.8506,20.13,90,78,0.44,BR,1670454998
387,denpasar,-8.65,115.2167,27.81,78,20,2.06,ID,1670454925
388,pau brasil,-15.4642,-39.6511,21.59,95,28,1.37,BR,1670454999
389,hailey,43.5196,-114.3153,-5.08,74,0,2.06,US,1670455000
390,sambava,-14.2667,50.1667,22.99,87,3,4.52,MG,1670455000
391,barsovo,61.1667,73.1667,-18.93,89,99,5.93,RU,1670455001
392,jumla,29.2747,82.1838,3.14,25,0,2.2,NP,1670455002
393,vardo,70.3705,31.1107,0.99,93,100,9.26,NO,1670455002
394,kyra,49.5776,111.9753,-15.07,82,100,2.8,RU,1670455003
395,lufilufi,-13.8745,-171.5986,29.88,75,90,7.96,WS,1670455003
396,namwala,-15.7504,26.4384,20.01,87,91,1.43,ZM,1670455004
397,krasnyy kholm,58.0607,37.1203,-9.63,83,35,7.13,RU,1670455004
398,cockburn town,21.4612,-71.1419,25.28,61,7,8.04,TC,1670455005
399,altay,47.8667,88.1167,-16.94,87,100,2.47,CN,1670455005
400,ribeira grande,38.5167,-28.7,14.22,88,40,2.57,PT,1670455006
401,marigot,18.0667,-63.0833,25.58,70,20,4.12,MF,1670455006
402,maceio,-9.6658,-35.7353,23.69,94,20,2.06,BR,1670454870
403,west memphis,35.1465,-90.1845,17.85,87,100,1.85,US,1670455007
404,selenginsk,52.0064,106.8647,-8.77,88,100,4.67,RU,1670455008
405,feijo,-8.1642,-70.3536,24.36,86,95,1.16,BR,1670455008
406,falam,22.9167,93.6833,10.05,86,85,0.42,MM,1670455009
407,berezna,51.5716,31.7846,-2.2,96,100,4.81,UA,1670455010
408,andros town,24.7,-77.7667,22.98,60,0,7.51,BS,1670455010
409,kutum,14.2,24.6667,13.04,26,0,3.37,SD,1670455011
410,kenai,60.5544,-151.2583,-3.81,93,0,0.0,US,1670455012
411,constitucion,-35.3333,-72.4167,17.61,81,20,3.28,CL,1670454957
412,gobabis,-22.45,18.9667,19.94,15,3,4.42,NA,1670455013
413,sangre grande,10.5835,-61.1177,26.98,81,100,2.83,TT,1670455013
414,big spring,32.2504,-101.4787,21.25,73,0,5.14,US,1670455014
415,kasempa,-13.4584,25.8338,17.2,82,23,1.86,ZM,1670455014
416,ancud,-41.8697,-73.8203,14.7,80,58,9.19,CL,1670455015
417,pasighat,28.0667,95.3333,14.69,55,0,1.54,IN,1670455015
418,parrita,9.5201,-84.3225,25.0,84,25,0.86,CR,1670455017
419,bouna,9.2667,-3.0,25.76,19,8,1.45,CI,1670455017
420,kavieng,-2.5744,150.7967,27.97,76,86,3.01,PG,1670455018
421,dong hoi,17.4833,106.6,20.62,92,100,4.23,VN,1670455019
422,palana,59.1167,159.9667,-9.26,66,100,3.31,RU,1670455019
423,holme,56.1138,10.1725,-4.34,92,21,0.58,DK,1670455020
424,mareeba,-17.0,145.4333,27.49,75,42,1.28,AU,1670455021
425,kununurra,-15.7667,128.7333,29.99,79,31,2.06,AU,1670455021
426,nome,64.5011,-165.4064,-5.96,93,100,3.09,US,1670455022
427,san cristobal,7.7669,-72.225,18.59,94,40,1.45,VE,1670454820
428,bonavista,48.6499,-53.1147,2.71,88,100,5.07,CA,1670455023
429,hurghada,27.2574,33.8129,17.27,57,0,4.93,EG,1670455024
430,petropavl,54.8753,69.1628,-18.99,95,15,3.17,KZ,1670455025
431,ossora,59.2353,163.0719,-10.14,82,94,1.72,RU,1670455025
432,bay roberts,47.5999,-53.2648,3.62,97,84,2.24,CA,1670455026
433,causapscal,48.3542,-67.227,3.11,98,100,2.92,CA,1670455027
434,goderich,43.7501,-81.7165,4.95,87,30,5.1,CA,1670454770
435,dalnerechensk,45.9339,133.7225,-18.48,99,49,1.69,RU,1670455028
436,dali,25.7,100.1833,5.11,80,16,1.2,CN,1670455028
437,loandjili,-4.7561,11.8578,25.0,90,100,0.5,CG,1670455029
438,hami,42.8,93.45,-5.35,48,31,1.47,CN,1670455030
439,streator,41.1209,-88.8354,4.82,60,7,2.35,US,1670455030
440,oranjestad,12.524,-70.027,26.62,73,6,1.79,AW,1670454758
441,helong,42.5397,128.9972,-8.5,74,15,3.44,CN,1670455032
442,vitim,59.4511,112.5578,-11.41,93,100,6.08,RU,1670455032
443,karratha,-20.7377,116.8463,25.72,49,1,6.68,AU,1670455034
444,tautira,-17.7333,-149.15,26.17,82,85,7.79,PF,1670455003
445,poronaysk,49.2167,143.1167,-14.39,87,43,1.92,RU,1670455035
446,chapais,49.7834,-74.8492,-4.12,94,90,3.47,CA,1670455035
447,songjianghe,42.1859,127.479,-12.85,89,8,2.13,CN,1670455036
448,broome,42.2506,-75.833,11.12,90,100,5.14,US,1670455037
449,sao filipe,14.8961,-24.4956,24.04,78,14,2.95,CV,1670455037
450,tuzla,44.5428,18.6694,4.98,100,75,2.06,BA,1670455038
451,graaff-reinet,-32.2522,24.5308,16.62,64,0,1.84,ZA,1670455039
452,moorhead,46.8739,-96.7676,-18.99,73,0,1.54,US,1670455040
453,west odessa,31.8424,-102.4988,20.03,76,75,3.6,US,1670455040
454,rognan,67.0953,15.3878,-2.84,58,81,3.84,NO,1670455041
455,okitipupa,6.5047,4.7839,23.84,94,99,0.95,NG,1670455042
456,la ronge,55.1001,-105.2842,-20.86,71,75,1.54,CA,1670455043
457,keflavik,64.0049,-22.5624,-1.76,74,20,2.57,IS,1670455044
458,isangel,-19.55,169.2667,31.06,74,75,2.06,VU,1670455044
459,bariadi,-2.8,33.9833,18.89,83,27,2.3,TZ,1670455045
460,visnes,59.3556,5.2242,-6.97,93,9,2.06,NO,1670455046
461,salvador,13.8333,-88.9167,26.14,72,2,0.7,SV,1670455047
462,itarema,-2.9248,-39.9167,26.82,79,77,6.56,BR,1670455048
463,san patricio,28.017,-97.5169,25.92,76,22,6.4,US,1670455011
464,wawa,9.9022,4.4192,25.67,29,6,1.01,NG,1670455049
465,voi,-3.3945,38.563,21.54,94,28,1.83,KE,1670455049
466,tadine,-21.55,167.8833,27.06,74,100,1.36,NC,1670455050
467,manicore,-5.8092,-61.3003,26.25,80,99,0.51,BR,1670455050
468,rockhampton,-23.3833,150.5,29.94,58,4,4.12,AU,1670455051
469,dubbo,-32.25,148.6167,17.07,48,0,7.72,AU,1670455051
470,ozieri,40.586,9.0012,7.48,87,97,1.36,IT,1670455052
471,astara,38.5,48.6667,2.99,92,100,0.59,AZ,1670455052
472,zhanaozen,43.3,52.8,-7.17,58,5,5.79,KZ,1670455053
473,avera,33.194,-82.5271,20.73,78,54,2.33,US,1670455053
474,rabo de peixe,37.8,-25.5833,14.73,100,40,5.14,PT,1670455054
475,waipawa,-41.4122,175.5153,16.49,54,100,6.76,NZ,1670455055
476,alyangula,-13.8483,136.4192,29.74,59,97,3.63,AU,1670455056
477,riverton,40.5219,-111.9391,1.03,76,75,3.09,US,1670454837
478,ayni,39.3941,68.5377,-1.92,87,96,2.31,TJ,1670455057
479,samarai,-10.6167,150.6667,27.91,76,100,1.66,PG,1670455058
480,aksay,47.26,39.87,-3.75,62,100,7.15,RU,1670455058
481,nizhniy odes,63.6445,54.856,-7.42,94,100,3.78,RU,1670455059
482,clyde river,70.4692,-68.5914,-17.87,71,0,4.63,CA,1670455059
483,borgarnes,64.5383,-21.9206,-3.97,71,4,3.39,IS,1670455060
484,vila velha,-20.3297,-40.2925,22.97,95,100,5.81,BR,1670455061
485,dustlik,40.5247,68.0358,-1.07,87,100,1.12,UZ,1670455061
486,kayes,14.0,-11.0,29.62,19,0,2.99,ML,1670455062
487,mahina,-17.5065,-149.489,30.87,55,40,9.26,PF,1670455063
488,luangwa,-15.6167,30.4167,24.22,79,94,2.05,ZM,1670455064
489,korla,41.7597,86.1469,-5.11,48,16,1.66,CN,1670455065
490,gerash,27.6652,54.1371,12.47,73,26,1.31,IR,1670455065
491,umbuzeiro,-7.6956,-35.6636,22.07,79,20,4.71,BR,1670455066
492,manacapuru,-3.2997,-60.6206,28.15,70,96,1.15,BR,1670455067
493,sola,-13.8833,167.55,30.37,74,61,0.0,VU,1670455024
494,rawson,-43.3002,-65.1023,21.08,51,91,1.85,AR,1670455068
495,watertown,42.3709,-71.1828,15.16,94,100,4.12,US,1670454924
496,minab,27.1467,57.0801,21.7,74,7,1.82,IR,1670455068
497,byron bay,-28.65,153.6167,28.17,74,86,3.12,AU,1670454937
498,san juan bautista,-14.0108,-75.7358,21.74,62,83,4.94,PE,1670455070
499,hualmay,-11.0964,-77.6139,19.85,81,68,3.88,PE,1670455070
500,yanam,16.7333,82.2167,22.45,68,100,3.44,IN,1670455071
501,ondjiva,-17.0667,15.7333,25.16,23,57,3.51,AO,1670455071
502,kungurtug,50.5994,97.5228,-27.23,96,100,0.58,RU,1670455072
503,rio grande,-32.035,-52.0986,23.06,84,1,5.36,BR,1670455073
504,petropavlovsk-kamchatskiy,53.0452,158.6483,-7.67,93,100,2.0,RU,1670455073
505,faanui,-16.4833,-151.75,26.91,78,100,8.69,PF,1670455060
506,uaua,-9.8414,-39.4817,25.14,63,83,4.55,BR,1670455074
507,dudinka,69.4058,86.1778,-25.77,95,100,4.49,RU,1670455075
508,olesnica,51.2134,17.3899,2.01,78,100,6.01,PL,1670455076
509,bubaque,11.2833,-15.8333,26.98,72,0,6.54,GW,1670455076
510,slave lake,55.2834,-114.769,-10.01,79,100,1.54,CA,1670454945
511,algiers,36.7525,3.042,8.9,100,20,1.54,DZ,1670455033
512,los angeles,34.0522,-118.2437,17.59,59,0,4.63,US,1670454725
513,batemans bay,-35.7167,150.1833,16.72,34,51,4.89,AU,1670455078
514,buraydah,26.326,43.975,16.25,62,44,4.65,SA,1670455079
515,satipo,-11.2522,-74.6386,24.02,79,100,0.95,PE,1670455080
516,mucurapo,10.6667,-61.5333,27.03,81,100,4.02,TT,1670455080
517,grand gaube,-20.0064,57.6608,25.22,77,30,3.58,MU,1670455081
518,wembley,-31.9333,115.8,22.23,48,0,3.6,AU,1670455083
519,cabedelo,-6.9811,-34.8339,26.37,77,67,5.95,BR,1670455083
520,coihaique,-45.5752,-72.0662,14.97,67,75,2.57,CL,1670455084
521,hilton head island,32.2163,-80.7526,21.7,85,0,2.57,US,1670454903
522,townsville,-19.25,146.8,27.49,74,75,2.57,AU,1670454900
523,umba,66.6871,34.3429,-3.82,92,98,2.14,RU,1670455087
524,birjand,32.8663,59.2211,4.26,93,40,2.06,IR,1670455088
525,mezen,65.8522,44.24,-9.79,96,89,3.11,RU,1670455088
526,blagoyevo,63.3667,47.9167,-8.03,86,100,3.45,RU,1670455089
527,grand-santi,4.25,-54.3833,26.0,65,39,1.12,GF,1670455090
528,tarko-sale,64.9225,77.785,-12.01,89,100,7.68,RU,1670455091
529,odweyne,9.4092,45.064,19.52,62,48,1.06,SO,1670455092
530,hirara,24.8,125.2833,22.15,83,75,9.77,JP,1670455092
531,thunder bay,48.4001,-89.3168,-20.01,71,0,1.54,CA,1670455093
532,erenhot,43.6475,111.9767,-11.39,62,3,3.27,CN,1670455060
533,ahuimanu,21.4447,-157.8378,27.84,73,75,8.75,US,1670455095
534,mount hagen,-5.8581,144.2274,19.71,80,94,0.47,PG,1670455095
535,north bend,43.4065,-124.2243,8.42,94,100,5.14,US,1670454857
536,umm lajj,25.0213,37.2685,22.67,69,0,4.55,SA,1670454929
537,abu samrah,35.3029,37.1841,12.68,71,100,1.83,SY,1670455097
